observation_id,model,value
U01,Ours,0.9417473891559742
U02,Ours,0.9367186096299404
U03,Ours,0.9550945011082924
U04,Ours,0.9181963133325657
U05,Ours,0.930395479582942
U06,Ours,0.9644134030710042
U07,Ours,0.9212800640667106
U08,Ours,0.9337419442763615
U09,Ours,0.8756398046260832
U10,Ours,0.9671467108574763
U11,Ours,0.8882000023561654
U12,Ours,0.8903667370061168
U13,Ours,0.8639948887517834
U14,Ours,0.9391607046848565
U15,Ours,0.8656308834433173
U16,Ours,0.9625844271151986
U17,Ours,0.9726590638233079
U18,Ours,0.9503676854288342
U19,Ours,0.9488142103666428
U20,Ours,0.9098602583050746
U21,Ours,0.9633026383425057
U22,Ours,0.9608838879402406
U23,Ours,0.9755911202147379
U24,Ours,0.9726322175338471
U01,Method A,0.7896663387381877
U02,Method A,0.8203457749949721
U03,Method A,0.7985505044459937
U04,Method A,0.7726158299521942
U05,Method A,0.78237018389138
U06,Method A,0.8126527151708401
U07,Method A,0.8067798345437865
U08,Method A,0.7732572858446329
U09,Method A,0.7856327132011323
U10,Method A,0.8517079550815607
U11,Method A,0.8294721489734402
U12,Method A,0.7889057439209081
U13,Method A,0.8248481112447387
U14,Method A,0.8435021610289226
U15,Method A,0.7692409313086389
U16,Method A,0.8224278205368927
U17,Method A,0.7682795665226728
U18,Method A,0.8354292662944017
U19,Method A,0.7839760622028848
U20,Method A,0.8114775654142141
U21,Method A,0.7892978847863108
U22,Method A,0.8532788111179896
U23,Method A,0.8048536530152226
U24,Method A,0.8149801889539149
U01,Method B,0.05697576507651263
U02,Method B,0.06654384002237454
U03,Method B,0.07603764503143287
U04,Method B,0.0663723616264347
U05,Method B,0.0301835208378946
U06,Method B,0.04923311961254122
U07,Method B,0.04703130757695795
U08,Method B,0.03954567226964721
U09,Method B,0.08072253715714818
U10,Method B,0.07574200735208833
U11,Method B,0.06085996126827062
U12,Method B,0.05311415083512686
U13,Method B,0.08042498845241397
U14,Method B,0.09465758129072048
U15,Method B,0.0884226110675643
U16,Method B,0.09702254945980349
U17,Method B,0.06041899645691816
U18,Method B,0.07786969873069048
U19,Method B,0.08077205491201243
U20,Method B,0.050758186179824374
U21,Method B,0.04983772543236277
U22,Method B,0.0922740136900885
U23,Method B,0.07133707494813683
U24,Method B,0.0548681768881293
