observation_id,model,metric,value
U01,Ours,Score Alpha,0.9090036613701387
U01,Ours,Score Beta,0.8707261703419505
U01,Ours,Score Gamma,0.918282821365849
U02,Ours,Score Alpha,0.9128330185196496
U02,Ours,Score Beta,0.8438520748748928
U02,Ours,Score Gamma,0.8591306772091426
U03,Ours,Score Alpha,0.995
U03,Ours,Score Beta,0.8985277345101103
U03,Ours,Score Gamma,0.9025302205137005
U04,Ours,Score Alpha,0.8843641862802488
U04,Ours,Score Beta,0.8571295682759135
U04,Ours,Score Gamma,0.8146993838794533
U05,Ours,Score Alpha,0.9005567151808962
U05,Ours,Score Beta,0.8229982429757755
U05,Ours,Score Gamma,0.8481716450114135
U06,Ours,Score Alpha,0.925285125194813
U06,Ours,Score Beta,0.9113228695080363
U06,Ours,Score Gamma,0.9000470077748275
U07,Ours,Score Alpha,0.8786359427332604
U07,Ours,Score Beta,0.8200645624603521
U07,Ours,Score Gamma,0.8195979665796032
U08,Ours,Score Alpha,0.8560295749004475
U08,Ours,Score Beta,0.8338267329508294
U08,Ours,Score Gamma,0.8161345689783849
U09,Ours,Score Alpha,0.937915084473665
U09,Ours,Score Beta,0.9268437752991272
U09,Ours,Score Gamma,0.9287438613247991
U10,Ours,Score Alpha,0.9638684403480612
U10,Ours,Score Beta,0.9317757574139415
U10,Ours,Score Gamma,0.9443209328712872
U11,Ours,Score Alpha,0.8937312518104488
U11,Ours,Score Beta,0.8248268874967567
U11,Ours,Score Gamma,0.8689356003734968
U12,Ours,Score Alpha,0.9474124515602292
U12,Ours,Score Beta,0.9093888842102478
U12,Ours,Score Gamma,0.8652358220205633
U13,Ours,Score Alpha,0.9442437562284296
U13,Ours,Score Beta,0.8398271780131836
U13,Ours,Score Gamma,0.8838835041227414
U14,Ours,Score Alpha,0.9196670497690074
U14,Ours,Score Beta,0.8729364615367826
U14,Ours,Score Gamma,0.8876899608345942
U15,Ours,Score Alpha,0.9681025171577277
U15,Ours,Score Beta,0.8937492933714738
U15,Ours,Score Gamma,0.9231808321604945
U16,Ours,Score Alpha,0.9436823427565829
U16,Ours,Score Beta,0.8388307539124231
U16,Ours,Score Gamma,0.8785373966029274
U17,Ours,Score Alpha,0.9292416101907367
U17,Ours,Score Beta,0.8246379575826022
U17,Ours,Score Gamma,0.8536877037807171
U18,Ours,Score Alpha,0.9464551934309628
U18,Ours,Score Beta,0.8791802961530693
U18,Ours,Score Gamma,0.8902801408687646
U19,Ours,Score Alpha,0.8775551756491815
U19,Ours,Score Beta,0.8378249543127253
U19,Ours,Score Gamma,0.8641971072040369
U20,Ours,Score Alpha,0.9415306784514972
U20,Ours,Score Beta,0.8356744358460096
U20,Ours,Score Gamma,0.8425254375461158
U21,Ours,Score Alpha,0.94394201436357
U21,Ours,Score Beta,0.8869498272247499
U21,Ours,Score Gamma,0.8822992906090175
U22,Ours,Score Alpha,0.9241813740255904
U22,Ours,Score Beta,0.9167611582483529
U22,Ours,Score Gamma,0.9199408993225878
U23,Ours,Score Alpha,0.9360053400462592
U23,Ours,Score Beta,0.8250764062443908
U23,Ours,Score Gamma,0.8692574012393534
U24,Ours,Score Alpha,0.9081469657214536
U24,Ours,Score Beta,0.8548637947131994
U24,Ours,Score Gamma,0.8851344227976632
U25,Ours,Score Alpha,0.8989891363229995
U25,Ours,Score Beta,0.8471791386505831
U25,Ours,Score Gamma,0.8789357620516476
U26,Ours,Score Alpha,0.8895489349118499
U26,Ours,Score Beta,0.8637409524850639
U26,Ours,Score Gamma,0.8733773558969515
U27,Ours,Score Alpha,0.8971767308973657
U27,Ours,Score Beta,0.886308397373253
U27,Ours,Score Gamma,0.8255986912924934
U28,Ours,Score Alpha,0.995
U28,Ours,Score Beta,0.8561478733467457
U28,Ours,Score Gamma,0.8522207789481332
U29,Ours,Score Alpha,0.918935772309912
U29,Ours,Score Beta,0.8678997812937987
U29,Ours,Score Gamma,0.9141808627499624
U30,Ours,Score Alpha,0.918568535989686
U30,Ours,Score Beta,0.9068357303050238
U30,Ours,Score Gamma,0.8916496846887403
U31,Ours,Score Alpha,0.8763681990540871
U31,Ours,Score Beta,0.9032286922329837
U31,Ours,Score Gamma,0.8639145563940546
U32,Ours,Score Alpha,0.8853759027043301
U32,Ours,Score Beta,0.8609870235437086
U32,Ours,Score Gamma,0.7895260425189664
U33,Ours,Score Alpha,0.8854181302497752
U33,Ours,Score Beta,0.8646359711536064
U33,Ours,Score Gamma,0.878717502025754
U34,Ours,Score Alpha,0.8949473661035025
U34,Ours,Score Beta,0.8475795057743094
U34,Ours,Score Gamma,0.8246576480652703
U35,Ours,Score Alpha,0.9313873170848848
U35,Ours,Score Beta,0.8661377495133041
U35,Ours,Score Gamma,0.9112745642650115
U36,Ours,Score Alpha,0.8775954181165816
U36,Ours,Score Beta,0.8195730872423825
U36,Ours,Score Gamma,0.8348182292089154
U37,Ours,Score Alpha,0.9089640727191057
U37,Ours,Score Beta,0.898352463821555
U37,Ours,Score Gamma,0.9394160849914072
U38,Ours,Score Alpha,0.9179835591385803
U38,Ours,Score Beta,0.8896970701417437
U38,Ours,Score Gamma,0.8887987674940783
U39,Ours,Score Alpha,0.9427306764177382
U39,Ours,Score Beta,0.8547987428586714
U39,Ours,Score Gamma,0.8765575109207729
U40,Ours,Score Alpha,0.856876940848041
U40,Ours,Score Beta,0.8702264809952087
U40,Ours,Score Gamma,0.8543181389281955
U41,Ours,Score Alpha,0.8988242767301953
U41,Ours,Score Beta,0.8219166166458558
U41,Ours,Score Gamma,0.8826866873773661
U42,Ours,Score Alpha,0.9518844361037472
U42,Ours,Score Beta,0.8662171238081581
U42,Ours,Score Gamma,0.8765233382818505
U43,Ours,Score Alpha,0.9139836917071562
U43,Ours,Score Beta,0.8069579383193838
U43,Ours,Score Gamma,0.8778896635945095
U44,Ours,Score Alpha,0.9124296569453918
U44,Ours,Score Beta,0.8173636957619443
U44,Ours,Score Gamma,0.8818373690560711
U45,Ours,Score Alpha,0.8945960828725705
U45,Ours,Score Beta,0.8818647452680167
U45,Ours,Score Gamma,0.8898626724321141
U46,Ours,Score Alpha,0.9074000226231393
U46,Ours,Score Beta,0.8977923477633106
U46,Ours,Score Gamma,0.8570534976710339
U47,Ours,Score Alpha,0.9063385590057981
U47,Ours,Score Beta,0.8254110593126832
U47,Ours,Score Gamma,0.8875338712880351
U48,Ours,Score Alpha,0.8889311611578474
U48,Ours,Score Beta,0.8513967066528567
U48,Ours,Score Gamma,0.8898948697773678
U49,Ours,Score Alpha,0.9431977176009104
U49,Ours,Score Beta,0.8447542976185836
U49,Ours,Score Gamma,0.8836966409865181
U50,Ours,Score Alpha,0.9065906222537192
U50,Ours,Score Beta,0.8561993782420038
U50,Ours,Score Gamma,0.8383071943770146
U01,Method A,Score Alpha,0.7634262831166682
U01,Method A,Score Beta,0.5250561915955043
U01,Method A,Score Gamma,0.701745540767373
U02,Method A,Score Alpha,0.8053026029601069
U02,Method A,Score Beta,0.5144957306994993
U02,Method A,Score Gamma,0.7411984732277591
U03,Method A,Score Alpha,0.829414053762882
U03,Method A,Score Beta,0.5677192030041682
U03,Method A,Score Gamma,0.7089661353908198
U04,Method A,Score Alpha,0.7583012573638296
U04,Method A,Score Beta,0.5441846451659454
U04,Method A,Score Gamma,0.6654263354634469
U05,Method A,Score Alpha,0.7579784990073264
U05,Method A,Score Beta,0.4891878868018101
U05,Method A,Score Gamma,0.6469219416379989
U06,Method A,Score Alpha,0.8173924485892979
U06,Method A,Score Beta,0.5392291693714933
U06,Method A,Score Gamma,0.7148867695626429
U07,Method A,Score Alpha,0.7708038762866615
U07,Method A,Score Beta,0.5684656685359047
U07,Method A,Score Gamma,0.6564450957977481
U08,Method A,Score Alpha,0.7395801199196219
U08,Method A,Score Beta,0.5087501249575497
U08,Method A,Score Gamma,0.6511575898201434
U09,Method A,Score Alpha,0.7985811653229746
U09,Method A,Score Beta,0.5652621870956072
U09,Method A,Score Gamma,0.6923338608867241
U10,Method A,Score Alpha,0.7797487486234255
U10,Method A,Score Beta,0.5660569109868092
U10,Method A,Score Gamma,0.711987748656673
U11,Method A,Score Alpha,0.8011289795721802
U11,Method A,Score Beta,0.5400505255959238
U11,Method A,Score Gamma,0.6880861955783459
U12,Method A,Score Alpha,0.8219845641679883
U12,Method A,Score Beta,0.5715732478846224
U12,Method A,Score Gamma,0.7317911273190307
U13,Method A,Score Alpha,0.7889558450149328
U13,Method A,Score Beta,0.5367643387813364
U13,Method A,Score Gamma,0.6303030427501921
U14,Method A,Score Alpha,0.7576271077323957
U14,Method A,Score Beta,0.5326260948835513
U14,Method A,Score Gamma,0.6978048956752806
U15,Method A,Score Alpha,0.823177577582871
U15,Method A,Score Beta,0.57901852128388
U15,Method A,Score Gamma,0.6797375564422717
U16,Method A,Score Alpha,0.8204980920779482
U16,Method A,Score Beta,0.5496979571702226
U16,Method A,Score Gamma,0.7349075626737639
U17,Method A,Score Alpha,0.7540182465451433
U17,Method A,Score Beta,0.565655233966323
U17,Method A,Score Gamma,0.6941079732205708
U18,Method A,Score Alpha,0.7803775435252963
U18,Method A,Score Beta,0.5714141130468311
U18,Method A,Score Gamma,0.691672823684577
U19,Method A,Score Alpha,0.7409470730685361
U19,Method A,Score Beta,0.517888494941259
U19,Method A,Score Gamma,0.6798233290191625
U20,Method A,Score Alpha,0.752601684919679
U20,Method A,Score Beta,0.5264810963747749
U20,Method A,Score Gamma,0.6997101768678227
U21,Method A,Score Alpha,0.835447508897861
U21,Method A,Score Beta,0.5935627461885812
U21,Method A,Score Gamma,0.6867230164845436
U22,Method A,Score Alpha,0.8049166512771736
U22,Method A,Score Beta,0.5248827076995359
U22,Method A,Score Gamma,0.6655727695464314
U23,Method A,Score Alpha,0.7908869885538709
U23,Method A,Score Beta,0.5185143198649429
U23,Method A,Score Gamma,0.704827515848319
U24,Method A,Score Alpha,0.845078272614231
U24,Method A,Score Beta,0.5582049227471767
U24,Method A,Score Gamma,0.7127231812992665
U25,Method A,Score Alpha,0.7711243903477474
U25,Method A,Score Beta,0.5393452253266092
U25,Method A,Score Gamma,0.665305556078327
U26,Method A,Score Alpha,0.7520788050078024
U26,Method A,Score Beta,0.5462592783022767
U26,Method A,Score Gamma,0.7101103407209964
U27,Method A,Score Alpha,0.8022129462156594
U27,Method A,Score Beta,0.5212440319419862
U27,Method A,Score Gamma,0.6782291364157971
U28,Method A,Score Alpha,0.8350655706269261
U28,Method A,Score Beta,0.5467768830803428
U28,Method A,Score Gamma,0.7125623128559488
U29,Method A,Score Alpha,0.8235298761053833
U29,Method A,Score Beta,0.5315457089617606
U29,Method A,Score Gamma,0.7145944216986645
U30,Method A,Score Alpha,0.7855195405516369
U30,Method A,Score Beta,0.5502217369833612
U30,Method A,Score Gamma,0.6924109170038892
U31,Method A,Score Alpha,0.7949823638922229
U31,Method A,Score Beta,0.5390831367697858
U31,Method A,Score Gamma,0.6720264434967632
U32,Method A,Score Alpha,0.7502946645536428
U32,Method A,Score Beta,0.5221229307478741
U32,Method A,Score Gamma,0.6225183280568791
U33,Method A,Score Alpha,0.8387112882268278
U33,Method A,Score Beta,0.5574622527415762
U33,Method A,Score Gamma,0.7349903634503274
U34,Method A,Score Alpha,0.7575543200881337
U34,Method A,Score Beta,0.4777638248661268
U34,Method A,Score Gamma,0.6214361533997806
U35,Method A,Score Alpha,0.7734473744626185
U35,Method A,Score Beta,0.5649118390389292
U35,Method A,Score Gamma,0.6666182438818417
U36,Method A,Score Alpha,0.7186301039684376
U36,Method A,Score Beta,0.4802146375904468
U36,Method A,Score Gamma,0.6350191253869745
U37,Method A,Score Alpha,0.849954341529357
U37,Method A,Score Beta,0.5816149790121284
U37,Method A,Score Gamma,0.7235339397331376
U38,Method A,Score Alpha,0.8171069342684611
U38,Method A,Score Beta,0.6249337648382465
U38,Method A,Score Gamma,0.6832170233214303
U39,Method A,Score Alpha,0.8323397039566229
U39,Method A,Score Beta,0.5605932995224989
U39,Method A,Score Gamma,0.6988797447786176
U40,Method A,Score Alpha,0.7810038823752014
U40,Method A,Score Beta,0.5504820877901971
U40,Method A,Score Gamma,0.655955204778719
U41,Method A,Score Alpha,0.7557141983365766
U41,Method A,Score Beta,0.5449810223438123
U41,Method A,Score Gamma,0.6884061015784076
U42,Method A,Score Alpha,0.7659444643729879
U42,Method A,Score Beta,0.5499708855313419
U42,Method A,Score Gamma,0.6696746677870811
U43,Method A,Score Alpha,0.7213411248990379
U43,Method A,Score Beta,0.5113260628013228
U43,Method A,Score Gamma,0.6435651490642282
U44,Method A,Score Alpha,0.7755845678318856
U44,Method A,Score Beta,0.5573960252461445
U44,Method A,Score Gamma,0.698065128037358
U45,Method A,Score Alpha,0.7682794931953272
U45,Method A,Score Beta,0.544799410728923
U45,Method A,Score Gamma,0.6242442755158347
U46,Method A,Score Alpha,0.8382790520775756
U46,Method A,Score Beta,0.5291948706692967
U46,Method A,Score Gamma,0.7217752740781749
U47,Method A,Score Alpha,0.8222026820195126
U47,Method A,Score Beta,0.5410596978840668
U47,Method A,Score Gamma,0.690638075601901
U48,Method A,Score Alpha,0.8050377812517511
U48,Method A,Score Beta,0.5174958238123871
U48,Method A,Score Gamma,0.7071879680513786
U49,Method A,Score Alpha,0.7847196681531389
U49,Method A,Score Beta,0.5780420828875344
U49,Method A,Score Gamma,0.7050950207760506
U50,Method A,Score Alpha,0.8162797571392215
U50,Method A,Score Beta,0.5408462736389749
U50,Method A,Score Gamma,0.7044808847980453
U01,Method B,Score Alpha,0.47763378639040627
U01,Method B,Score Beta,0.7302921932713644
U01,Method B,Score Gamma,0.20005312938701386
U02,Method B,Score Alpha,0.4226511081498784
U02,Method B,Score Beta,0.7066036885708958
U02,Method B,Score Gamma,0.21417263654743735
U03,Method B,Score Alpha,0.49885658513201797
U03,Method B,Score Beta,0.7358297161990109
U03,Method B,Score Gamma,0.25893283846939813
U04,Method B,Score Alpha,0.4087078757645469
U04,Method B,Score Beta,0.7076740369958355
U04,Method B,Score Gamma,0.22132470539803456
U05,Method B,Score Alpha,0.3882718824959812
U05,Method B,Score Beta,0.6409985694179492
U05,Method B,Score Gamma,0.21971946075631807
U06,Method B,Score Alpha,0.4436777570536553
U06,Method B,Score Beta,0.720222892304563
U06,Method B,Score Gamma,0.26924144478156825
U07,Method B,Score Alpha,0.44418581928201156
U07,Method B,Score Beta,0.6813464713625991
U07,Method B,Score Gamma,0.21210867143864567
U08,Method B,Score Alpha,0.42848684679542465
U08,Method B,Score Beta,0.738303973796952
U08,Method B,Score Gamma,0.17374132361330832
U09,Method B,Score Alpha,0.4452348505759409
U09,Method B,Score Beta,0.7315362597968982
U09,Method B,Score Gamma,0.20452451684626372
U10,Method B,Score Alpha,0.447367900225725
U10,Method B,Score Beta,0.7667089778758551
U10,Method B,Score Gamma,0.2746781055871421
U11,Method B,Score Alpha,0.36099854571783013
U11,Method B,Score Beta,0.7256636450707714
U11,Method B,Score Gamma,0.21402950854516314
U12,Method B,Score Alpha,0.4298230375812584
U12,Method B,Score Beta,0.7143521317388913
U12,Method B,Score Gamma,0.23596209578192504
U13,Method B,Score Alpha,0.4315366016780029
U13,Method B,Score Beta,0.7396042818933639
U13,Method B,Score Gamma,0.23330802331393716
U14,Method B,Score Alpha,0.4009339800790266
U14,Method B,Score Beta,0.690481306326089
U14,Method B,Score Gamma,0.18847007253024844
U15,Method B,Score Alpha,0.4256277814025904
U15,Method B,Score Beta,0.7100914705210669
U15,Method B,Score Gamma,0.1903784541365247
U16,Method B,Score Alpha,0.4443427720706126
U16,Method B,Score Beta,0.7117600516588177
U16,Method B,Score Gamma,0.1838639223783666
U17,Method B,Score Alpha,0.4190827707502136
U17,Method B,Score Beta,0.6707365045328629
U17,Method B,Score Gamma,0.20685422378770946
U18,Method B,Score Alpha,0.3886629889990178
U18,Method B,Score Beta,0.7414527527789349
U18,Method B,Score Gamma,0.23138958745339133
U19,Method B,Score Alpha,0.3739956403320015
U19,Method B,Score Beta,0.685439033017018
U19,Method B,Score Gamma,0.2336160449846343
U20,Method B,Score Alpha,0.42673645968908336
U20,Method B,Score Beta,0.6629987156363791
U20,Method B,Score Gamma,0.17185841213217257
U21,Method B,Score Alpha,0.40947586089047194
U21,Method B,Score Beta,0.7649780122493741
U21,Method B,Score Gamma,0.28715859167573665
U22,Method B,Score Alpha,0.4102306591653544
U22,Method B,Score Beta,0.7281429083129871
U22,Method B,Score Gamma,0.27536688723817515
U23,Method B,Score Alpha,0.42366146848709707
U23,Method B,Score Beta,0.7396308654747452
U23,Method B,Score Gamma,0.23397357990476206
U24,Method B,Score Alpha,0.42599929092238475
U24,Method B,Score Beta,0.7296339264890287
U24,Method B,Score Gamma,0.1906563268514902
U25,Method B,Score Alpha,0.39753250323390144
U25,Method B,Score Beta,0.666643608243682
U25,Method B,Score Gamma,0.20509965175478503
U26,Method B,Score Alpha,0.39108267298116073
U26,Method B,Score Beta,0.714399344662419
U26,Method B,Score Gamma,0.22974548019482202
U27,Method B,Score Alpha,0.4257618861516451
U27,Method B,Score Beta,0.6870943624882448
U27,Method B,Score Gamma,0.1717261249776147
U28,Method B,Score Alpha,0.4772392215990775
U28,Method B,Score Beta,0.755681904078107
U28,Method B,Score Gamma,0.251611741647374
U29,Method B,Score Alpha,0.4195357657214209
U29,Method B,Score Beta,0.7143330038063009
U29,Method B,Score Gamma,0.2378608375342866
U30,Method B,Score Alpha,0.4142025852606194
U30,Method B,Score Beta,0.7679954437947795
U30,Method B,Score Gamma,0.20251963039626736
U31,Method B,Score Alpha,0.3948233338459075
U31,Method B,Score Beta,0.7030832563090942
U31,Method B,Score Gamma,0.21067029741800725
U32,Method B,Score Alpha,0.3802957037459814
U32,Method B,Score Beta,0.6458562144533372
U32,Method B,Score Gamma,0.18435457816348794
U33,Method B,Score Alpha,0.3950796271604493
U33,Method B,Score Beta,0.7143754760583836
U33,Method B,Score Gamma,0.286980807930308
U34,Method B,Score Alpha,0.36673066661673565
U34,Method B,Score Beta,0.6378723280730879
U34,Method B,Score Gamma,0.21790359802034737
U35,Method B,Score Alpha,0.4913575014624262
U35,Method B,Score Beta,0.7350808937856116
U35,Method B,Score Gamma,0.1984464957510247
U36,Method B,Score Alpha,0.4019302713452365
U36,Method B,Score Beta,0.6735668108759939
U36,Method B,Score Gamma,0.1257728222623456
U37,Method B,Score Alpha,0.4362323368214585
U37,Method B,Score Beta,0.7338561209265915
U37,Method B,Score Gamma,0.23462681428340135
U38,Method B,Score Alpha,0.4252916814872999
U38,Method B,Score Beta,0.7401836744166934
U38,Method B,Score Gamma,0.23448347802876562
U39,Method B,Score Alpha,0.42016204973342225
U39,Method B,Score Beta,0.6857773635729708
U39,Method B,Score Gamma,0.2353886674806118
U40,Method B,Score Alpha,0.3909294126277235
U40,Method B,Score Beta,0.7188093613747996
U40,Method B,Score Gamma,0.206342128720098
U41,Method B,Score Alpha,0.4377085559412674
U41,Method B,Score Beta,0.7348999001139802
U41,Method B,Score Gamma,0.18798228720629406
U42,Method B,Score Alpha,0.4360166515494166
U42,Method B,Score Beta,0.6793584297251207
U42,Method B,Score Gamma,0.24099811058202839
U43,Method B,Score Alpha,0.392748702592523
U43,Method B,Score Beta,0.6539813736609327
U43,Method B,Score Gamma,0.19172224359554876
U44,Method B,Score Alpha,0.389670748814853
U44,Method B,Score Beta,0.6500749180773674
U44,Method B,Score Gamma,0.2209400195892634
U45,Method B,Score Alpha,0.3740044096224526
U45,Method B,Score Beta,0.7247142099611222
U45,Method B,Score Gamma,0.15481748446981144
U46,Method B,Score Alpha,0.4544751909203139
U46,Method B,Score Beta,0.6997485037479326
U46,Method B,Score Gamma,0.21752730048702346
U47,Method B,Score Alpha,0.4135685151678923
U47,Method B,Score Beta,0.747483199318415
U47,Method B,Score Gamma,0.19888757272550167
U48,Method B,Score Alpha,0.4046327182632536
U48,Method B,Score Beta,0.6568463869602936
U48,Method B,Score Gamma,0.1691331988898312
U49,Method B,Score Alpha,0.43919038088958406
U49,Method B,Score Beta,0.7008770250043588
U49,Method B,Score Gamma,0.21353036512060913
U50,Method B,Score Alpha,0.4207212144733786
U50,Method B,Score Beta,0.7156013402628976
U50,Method B,Score Gamma,0.18455627673941874
U01,Method C,Score Alpha,0.282680175831005
U01,Method C,Score Beta,0.18516480726842713
U01,Method C,Score Gamma,0.5785543116999342
U02,Method C,Score Alpha,0.2457993258344201
U02,Method C,Score Beta,0.168417478855871
U02,Method C,Score Gamma,0.5746219412244561
U03,Method C,Score Alpha,0.3076208753477848
U03,Method C,Score Beta,0.19762322323365672
U03,Method C,Score Gamma,0.6341803680432606
U04,Method C,Score Alpha,0.24617173216035107
U04,Method C,Score Beta,0.15930985088372113
U04,Method C,Score Gamma,0.5581836295886276
U05,Method C,Score Alpha,0.2611028822548423
U05,Method C,Score Beta,0.14813384555292664
U05,Method C,Score Gamma,0.555352460870211
U06,Method C,Score Alpha,0.3194937003667778
U06,Method C,Score Beta,0.19674108275404883
U06,Method C,Score Gamma,0.5913947012010569
U07,Method C,Score Alpha,0.24181462535778578
U07,Method C,Score Beta,0.11609194692020397
U07,Method C,Score Gamma,0.5677095314657112
U08,Method C,Score Alpha,0.21130568209509765
U08,Method C,Score Beta,0.18906165210439518
U08,Method C,Score Gamma,0.532829222939809
U09,Method C,Score Alpha,0.2527695705024845
U09,Method C,Score Beta,0.17526438273750813
U09,Method C,Score Gamma,0.5838837977397864
U10,Method C,Score Alpha,0.2964764607666875
U10,Method C,Score Beta,0.22102675850327186
U10,Method C,Score Gamma,0.5984079757517761
U11,Method C,Score Alpha,0.23313969758897324
U11,Method C,Score Beta,0.16122047025769923
U11,Method C,Score Gamma,0.5864270607616042
U12,Method C,Score Alpha,0.2532740823384084
U12,Method C,Score Beta,0.20240678171415336
U12,Method C,Score Gamma,0.6004833358928275
U13,Method C,Score Alpha,0.2585261427407636
U13,Method C,Score Beta,0.19311406646664692
U13,Method C,Score Gamma,0.5460007603840645
U14,Method C,Score Alpha,0.27511803041817096
U14,Method C,Score Beta,0.14482974312921604
U14,Method C,Score Gamma,0.5510554196207288
U15,Method C,Score Alpha,0.2987007852945144
U15,Method C,Score Beta,0.22501358606251448
U15,Method C,Score Gamma,0.5610635116351336
U16,Method C,Score Alpha,0.2879426676477891
U16,Method C,Score Beta,0.22052351570831558
U16,Method C,Score Gamma,0.6419703346599275
U17,Method C,Score Alpha,0.2955494348413478
U17,Method C,Score Beta,0.1846790043876343
U17,Method C,Score Gamma,0.5336412511629771
U18,Method C,Score Alpha,0.2966348436412415
U18,Method C,Score Beta,0.16927234653360637
U18,Method C,Score Gamma,0.5205149777058038
U19,Method C,Score Alpha,0.2570710188554895
U19,Method C,Score Beta,0.17009209890684668
U19,Method C,Score Gamma,0.5470296987505746
U20,Method C,Score Alpha,0.25539847693492446
U20,Method C,Score Beta,0.19463355847242927
U20,Method C,Score Gamma,0.5277550067928699
U21,Method C,Score Alpha,0.29338098356820996
U21,Method C,Score Beta,0.18250010154849636
U21,Method C,Score Gamma,0.5819683940357312
U22,Method C,Score Alpha,0.24920745051990903
U22,Method C,Score Beta,0.2081128583851489
U22,Method C,Score Gamma,0.6049443165687697
U23,Method C,Score Alpha,0.2709155423244525
U23,Method C,Score Beta,0.1412052022308859
U23,Method C,Score Gamma,0.566541427234237
U24,Method C,Score Alpha,0.2879784846097101
U24,Method C,Score Beta,0.22797295711290802
U24,Method C,Score Gamma,0.5748150620521142
U25,Method C,Score Alpha,0.27496001847701595
U25,Method C,Score Beta,0.1875881095166297
U25,Method C,Score Gamma,0.5325843652345864
U26,Method C,Score Alpha,0.27729553709151694
U26,Method C,Score Beta,0.1639590110383342
U26,Method C,Score Gamma,0.5819615790617995
U27,Method C,Score Alpha,0.21913315696174634
U27,Method C,Score Beta,0.1532887965182083
U27,Method C,Score Gamma,0.5351874021428552
U28,Method C,Score Alpha,0.30296476130165295
U28,Method C,Score Beta,0.2212404540241914
U28,Method C,Score Gamma,0.5500870360552448
U29,Method C,Score Alpha,0.23148221575501232
U29,Method C,Score Beta,0.12446938556467713
U29,Method C,Score Gamma,0.5303935379490975
U30,Method C,Score Alpha,0.24370432125262506
U30,Method C,Score Beta,0.1751792203049443
U30,Method C,Score Gamma,0.5596800412202751
U31,Method C,Score Alpha,0.2947950794425768
U31,Method C,Score Beta,0.1616097971726275
U31,Method C,Score Gamma,0.5688377486904485
U32,Method C,Score Alpha,0.24535316698694742
U32,Method C,Score Beta,0.16490772001609297
U32,Method C,Score Gamma,0.5494136901528488
U33,Method C,Score Alpha,0.3215670973771511
U33,Method C,Score Beta,0.224207173310463
U33,Method C,Score Gamma,0.6108261323109725
U34,Method C,Score Alpha,0.24838248811345742
U34,Method C,Score Beta,0.1837324714371999
U34,Method C,Score Gamma,0.5112005863186933
U35,Method C,Score Alpha,0.27784962480947223
U35,Method C,Score Beta,0.1844380155445666
U35,Method C,Score Gamma,0.5339936768634215
U36,Method C,Score Alpha,0.23296254622145654
U36,Method C,Score Beta,0.13455755553135718
U36,Method C,Score Gamma,0.5355136717244068
U37,Method C,Score Alpha,0.2829067851969686
U37,Method C,Score Beta,0.21034284339776604
U37,Method C,Score Gamma,0.5789052755787668
U38,Method C,Score Alpha,0.3126798645193647
U38,Method C,Score Beta,0.1876130960173821
U38,Method C,Score Gamma,0.5760332918782524
U39,Method C,Score Alpha,0.28051959152333195
U39,Method C,Score Beta,0.2007049171656203
U39,Method C,Score Gamma,0.5893191220362091
U40,Method C,Score Alpha,0.28963975415924875
U40,Method C,Score Beta,0.1670516932382297
U40,Method C,Score Gamma,0.5637345491431968
U41,Method C,Score Alpha,0.2665655683120903
U41,Method C,Score Beta,0.164622232598705
U41,Method C,Score Gamma,0.5700611993049445
U42,Method C,Score Alpha,0.26522066031499253
U42,Method C,Score Beta,0.1516152943946509
U42,Method C,Score Gamma,0.5961830091789357
U43,Method C,Score Alpha,0.21857184584606748
U43,Method C,Score Beta,0.18305493642667048
U43,Method C,Score Gamma,0.5141449241166206
U44,Method C,Score Alpha,0.23675887237608567
U44,Method C,Score Beta,0.18157438678899332
U44,Method C,Score Gamma,0.5371907162661673
U45,Method C,Score Alpha,0.24191751114584212
U45,Method C,Score Beta,0.16556380472506438
U45,Method C,Score Gamma,0.5449899243243845
U46,Method C,Score Alpha,0.30169424952926627
U46,Method C,Score Beta,0.24411573054464533
U46,Method C,Score Gamma,0.6014264219571045
U47,Method C,Score Alpha,0.2708793439822597
U47,Method C,Score Beta,0.19507918265943838
U47,Method C,Score Gamma,0.5403940651647032
U48,Method C,Score Alpha,0.234034617149649
U48,Method C,Score Beta,0.1753578830156934
U48,Method C,Score Gamma,0.5713891460597617
U49,Method C,Score Alpha,0.2693833355498161
U49,Method C,Score Beta,0.17223043778555572
U49,Method C,Score Gamma,0.5289679458681278
U50,Method C,Score Alpha,0.2539028710827371
U50,Method C,Score Beta,0.1574753319557146
U50,Method C,Score Gamma,0.5230155095380721
