item,group,model,score
Item001,Group A,Ours,0.607254800622758
Item001,Group A,Model A,0.414662271978037
Item001,Group A,Model B,0.351684133690264
Item001,Group A,Model C,0.31870791398216
Item002,Group A,Ours,0.557838041404485
Item002,Group A,Model A,0.491642139997715
Item002,Group A,Model B,0.369139459700093
Item002,Group A,Model C,0.257363544821603
Item003,Group A,Ours,0.676894352577656
Item003,Group A,Model A,0.633675875129828
Item003,Group A,Model B,0.455233752114229
Item003,Group A,Model C,0.381799039758645
Item004,Group A,Ours,0.863959024486725
Item004,Group A,Model A,0.730619632369986
Item004,Group A,Model B,0.691254824366127
Item004,Group A,Model C,0.551808123005669
Item005,Group A,Ours,0.783854515416079
Item005,Group A,Model A,0.640322983043324
Item005,Group A,Model B,0.62118737876815
Item005,Group A,Model C,0.449334267787862
Item006,Group A,Ours,0.472227282265666
Item006,Group A,Model A,0.384532242666369
Item006,Group A,Model B,0.262874973567935
Item006,Group A,Model C,0.244847781336246
Item007,Group A,Ours,0.628843620422861
Item007,Group A,Model A,0.524081637929755
Item007,Group A,Model B,0.395518358404548
Item007,Group A,Model C,0.236002950102566
Item008,Group A,Ours,0.834428276234141
Item008,Group A,Model A,0.763157997420542
Item008,Group A,Model B,0.607158610657758
Item008,Group A,Model C,0.508609631397132
Item009,Group A,Ours,0.659345569476879
Item009,Group A,Model A,0.542373570465314
Item009,Group A,Model B,0.429950496549949
Item009,Group A,Model C,0.308416528313663
Item010,Group A,Ours,0.838939168670295
Item010,Group A,Model A,0.741554994002872
Item010,Group A,Model B,0.669588822015931
Item010,Group A,Model C,0.60627261081572
Item011,Group A,Ours,0.741771028741895
Item011,Group A,Model A,0.626875572021043
Item011,Group A,Model B,0.491129008667407
Item011,Group A,Model C,0.370246098883071
Item012,Group A,Ours,0.634732258797873
Item012,Group A,Model A,0.482821095767861
Item012,Group A,Model B,0.372696117456767
Item012,Group A,Model C,0.298492095024771
Item013,Group A,Ours,0.774286476150304
Item013,Group A,Model A,0.691617994385025
Item013,Group A,Model B,0.577393734004929
Item013,Group A,Model C,0.505878995175917
Item014,Group A,Ours,0.696566336706793
Item014,Group A,Model A,0.636157225677204
Item014,Group A,Model B,0.485677196376817
Item014,Group A,Model C,0.374400950575808
Item015,Group A,Ours,0.59868953309438
Item015,Group A,Model A,0.454048277335792
Item015,Group A,Model B,0.346368210628379
Item015,Group A,Model C,0.327218217947307
Item016,Group A,Ours,0.873492321784286
Item016,Group A,Model A,0.800127449374399
Item016,Group A,Model B,0.652993052230394
Item016,Group A,Model C,0.621270757189044
Item017,Group A,Ours,0.62598192843219
Item017,Group A,Model A,0.520267702615686
Item017,Group A,Model B,0.405473707343311
Item017,Group A,Model C,0.334908814550069
Item018,Group A,Ours,0.339966416158842
Item018,Group A,Model A,0.258484680012169
Item018,Group A,Model B,0.171191422876976
Item018,Group A,Model C,0.137856722968173
Item019,Group A,Ours,0.597394539089043
Item019,Group A,Model A,0.422431395364223
Item019,Group A,Model B,0.313975124314654
Item019,Group A,Model C,0.240336903345395
Item020,Group A,Ours,0.828198129757463
Item020,Group A,Model A,0.753187676499438
Item020,Group A,Model B,0.676376561616596
Item020,Group A,Model C,0.596703204693601
Item021,Group A,Ours,0.698572504779713
Item021,Group A,Model A,0.61158356911061
Item021,Group A,Model B,0.463524750353547
Item021,Group A,Model C,0.334726560655336
Item022,Group A,Ours,0.955507139044693
Item022,Group A,Model A,0.928503651989578
Item022,Group A,Model B,0.875090166553253
Item022,Group A,Model C,0.846753309636819
Item023,Group A,Ours,0.710788123095943
Item023,Group A,Model A,0.585261433124494
Item023,Group A,Model B,0.553524170765491
Item023,Group A,Model C,0.394032979969714
Item024,Group A,Ours,0.790279318969352
Item024,Group A,Model A,0.670921478102028
Item024,Group A,Model B,0.575716658291166
Item024,Group A,Model C,0.425979636816523
Item025,Group A,Ours,0.860655505848819
Item025,Group A,Model A,0.756656319921333
Item025,Group A,Model B,0.619398690957692
Item025,Group A,Model C,0.504132786962449
Item026,Group A,Ours,0.836102046927078
Item026,Group A,Model A,0.747429832625984
Item026,Group A,Model B,0.613320658356106
Item026,Group A,Model C,0.496170120816231
Item027,Group A,Ours,0.739353776478635
Item027,Group A,Model A,0.630926270006217
Item027,Group A,Model B,0.488175143853836
Item027,Group A,Model C,0.403450768032425
Item028,Group A,Ours,0.651261715626596
Item028,Group A,Model A,0.543626840559494
Item028,Group A,Model B,0.404496652028997
Item028,Group A,Model C,0.287841813466117
Item029,Group A,Ours,0.638352104158217
Item029,Group A,Model A,0.452195926558216
Item029,Group A,Model B,0.370543766760818
Item029,Group A,Model C,0.31695895929256
Item030,Group A,Ours,0.552054081133905
Item030,Group A,Model A,0.471688427515836
Item030,Group A,Model B,0.335460875327592
Item030,Group A,Model C,0.244731837233484
Item031,Group A,Ours,0.739989021369061
Item031,Group A,Model A,0.584980041408135
Item031,Group A,Model B,0.47103792155298
Item031,Group A,Model C,0.461317610307643
Item032,Group A,Ours,0.584091406597458
Item032,Group A,Model A,0.514157246915381
Item032,Group A,Model B,0.384260770280588
Item032,Group A,Model C,0.295599233533878
Item033,Group A,Ours,0.703051452652247
Item033,Group A,Model A,0.670696359933596
Item033,Group A,Model B,0.486952208483922
Item033,Group A,Model C,0.395563370614656
Item034,Group A,Ours,0.93331161702642
Item034,Group A,Model A,0.881265168519369
Item034,Group A,Model B,0.75741996751749
Item034,Group A,Model C,0.708191938868551
Item035,Group A,Ours,0.6376232875168
Item035,Group A,Model A,0.515325443453968
Item035,Group A,Model B,0.389027466119892
Item035,Group A,Model C,0.338212732878331
Item036,Group B,Ours,0.818208571773656
Item036,Group B,Model A,0.730483879857983
Item036,Group B,Model B,0.568520600552574
Item036,Group B,Model C,0.492495809287675
Item037,Group B,Ours,0.716731952010986
Item037,Group B,Model A,0.630345344740148
Item037,Group B,Model B,0.477427083739169
Item037,Group B,Model C,0.438422347500225
Item038,Group B,Ours,0.841866811700759
Item038,Group B,Model A,0.760549071684999
Item038,Group B,Model B,0.679714766427958
Item038,Group B,Model C,0.608578986175366
Item039,Group B,Ours,0.758794590919046
Item039,Group B,Model A,0.589484736481219
Item039,Group B,Model B,0.521569073929994
Item039,Group B,Model C,0.408887637088926
Item040,Group B,Ours,0.690328279074943
Item040,Group B,Model A,0.490309734216683
Item040,Group B,Model B,0.447662352139284
Item040,Group B,Model C,0.275744410374121
Item041,Group B,Ours,0.818532045260801
Item041,Group B,Model A,0.684264627243018
Item041,Group B,Model B,0.583322038674297
Item041,Group B,Model C,0.504449679956335
Item042,Group B,Ours,0.572688625026723
Item042,Group B,Model A,0.519160772222898
Item042,Group B,Model B,0.336489940113276
Item042,Group B,Model C,0.257601672100417
Item043,Group B,Ours,0.7827361268471
Item043,Group B,Model A,0.719508177254652
Item043,Group B,Model B,0.629796973915853
Item043,Group B,Model C,0.53748997578272
Item044,Group B,Ours,0.82550750604773
Item044,Group B,Model A,0.798598132323893
Item044,Group B,Model B,0.69892055773468
Item044,Group B,Model C,0.57029689939263
Item045,Group B,Ours,0.781829102872116
Item045,Group B,Model A,0.716368965424207
Item045,Group B,Model B,0.643746005126385
Item045,Group B,Model C,0.540192352162669
Item046,Group B,Ours,0.794979940958296
Item046,Group B,Model A,0.717844155113849
Item046,Group B,Model B,0.602230896265432
Item046,Group B,Model C,0.48501134553124
Item047,Group B,Ours,0.680802123757561
Item047,Group B,Model A,0.571759096856749
Item047,Group B,Model B,0.530971559384246
Item047,Group B,Model C,0.355553801691419
Item048,Group B,Ours,0.411579026076543
Item048,Group B,Model A,0.329354897665203
Item048,Group B,Model B,0.231774821376468
Item048,Group B,Model C,0.178099185178362
Item049,Group B,Ours,0.879822133171315
Item049,Group B,Model A,0.843014270884694
Item049,Group B,Model B,0.759847231581231
Item049,Group B,Model C,0.726186371753991
Item050,Group B,Ours,0.878962973293046
Item050,Group B,Model A,0.81071656517376
Item050,Group B,Model B,0.731785988026305
Item050,Group B,Model C,0.614325885347764
Item051,Group B,Ours,0.873057555399892
Item051,Group B,Model A,0.835841204233745
Item051,Group B,Model B,0.705484986566295
Item051,Group B,Model C,0.611946222103689
Item052,Group B,Ours,0.62660282573894
Item052,Group B,Model A,0.423707906740142
Item052,Group B,Model B,0.323839113432027
Item052,Group B,Model C,0.25445992845456
Item053,Group B,Ours,0.90548178189977
Item053,Group B,Model A,0.841895154224941
Item053,Group B,Model B,0.789316177636411
Item053,Group B,Model C,0.672948618946577
Item054,Group C,Ours,0.892098888454167
Item054,Group C,Model A,0.815992909145052
Item054,Group C,Model B,0.754515140665491
Item054,Group C,Model C,0.667838307433989
Item055,Group C,Ours,0.597989901809083
Item055,Group C,Model A,0.49462268324513
Item055,Group C,Model B,0.355463597362944
Item055,Group C,Model C,0.285292681471878
Item056,Group C,Ours,0.716176952995994
Item056,Group C,Model A,0.56303609665675
Item056,Group C,Model B,0.483864147143387
Item056,Group C,Model C,0.381740425268417
Item057,Group C,Ours,0.700685741599283
Item057,Group C,Model A,0.582108623515145
Item057,Group C,Model B,0.470612462434078
Item057,Group C,Model C,0.321705080164167
Item058,Group C,Ours,0.854607390863995
Item058,Group C,Model A,0.805343905418121
Item058,Group C,Model B,0.749705665251553
Item058,Group C,Model C,0.664084728276473
Item059,Group C,Ours,0.749287279640078
Item059,Group C,Model A,0.636051180134824
Item059,Group C,Model B,0.511048048133442
Item059,Group C,Model C,0.360461312117764
Item060,Group C,Ours,0.718117739222743
Item060,Group C,Model A,0.614563803278895
Item060,Group C,Model B,0.500465081042832
Item060,Group C,Model C,0.380549237408321
Item061,Group C,Ours,0.812710004373827
Item061,Group C,Model A,0.756149071337596
Item061,Group C,Model B,0.696389654934917
Item061,Group C,Model C,0.517539055097756
Item062,Group C,Ours,0.888777163547129
Item062,Group C,Model A,0.833357056123324
Item062,Group C,Model B,0.72287750637148
Item062,Group C,Model C,0.639223942062337
Item063,Group C,Ours,0.478085484544206
Item063,Group C,Model A,0.305748899074284
Item063,Group C,Model B,0.252428923460255
Item063,Group C,Model C,0.190891069675033
Item064,Group D,Ours,0.712811507676903
Item064,Group D,Model A,0.538821234385442
Item064,Group D,Model B,0.484034736337705
Item064,Group D,Model C,0.375676136681314
Item065,Group D,Ours,0.805205867302224
Item065,Group D,Model A,0.705709932815299
Item065,Group D,Model B,0.660153344056159
Item065,Group D,Model C,0.471313161745585
Item066,Group D,Ours,0.774750559014151
Item066,Group D,Model A,0.677898517782691
Item066,Group D,Model B,0.557699565502627
Item066,Group D,Model C,0.415887863484148
Item067,Group D,Ours,0.416713720311493
Item067,Group D,Model A,0.317917169092245
Item067,Group D,Model B,0.206540384537817
Item067,Group D,Model C,0.151458419691471
Item068,Group D,Ours,0.72227750822342
Item068,Group D,Model A,0.653892845279254
Item068,Group D,Model B,0.587864879628669
Item068,Group D,Model C,0.457691818205233
Item069,Group D,Ours,0.627887107560363
Item069,Group D,Model A,0.501448569491212
Item069,Group D,Model B,0.399639789983461
Item069,Group D,Model C,0.308809767832289
Item070,Group E,Ours,0.856047788663354
Item070,Group E,Model A,0.759971769333804
Item070,Group E,Model B,0.736787884283292
Item070,Group E,Model C,0.562139408522656
Item071,Group E,Ours,0.690358360610258
Item071,Group E,Model A,0.625671293422265
Item071,Group E,Model B,0.498691297646598
Item071,Group E,Model C,0.405022831844386
Item072,Group E,Ours,0.528489764106652
Item072,Group E,Model A,0.329957567375438
Item072,Group E,Model B,0.243093621848901
Item072,Group E,Model C,0.206696084317491
Item073,Group E,Ours,0.567356286584224
Item073,Group E,Model A,0.422744620169453
Item073,Group E,Model B,0.368091003519849
Item073,Group E,Model C,0.275466075714675
Item074,Group F,Ours,0.649361918405007
Item074,Group F,Model A,0.523468293264643
Item074,Group F,Model B,0.40926099573985
Item074,Group F,Model C,0.264639341372641
Item075,Group F,Ours,0.841958534733422
Item075,Group F,Model A,0.729111052774134
Item075,Group F,Model B,0.654487537756597
Item075,Group F,Model C,0.616271078413527
Item076,Group F,Ours,0.737928177532609
Item076,Group F,Model A,0.671956508697334
Item076,Group F,Model B,0.512026616620353
Item076,Group F,Model C,0.469680828136681
Item077,Group G,Ours,0.708845682360304
Item077,Group G,Model A,0.551286757694302
Item077,Group G,Model B,0.464834921451825
Item077,Group G,Model C,0.320028089900502
Item078,Group G,Ours,0.811189748144029
Item078,Group G,Model A,0.770986417205465
Item078,Group G,Model B,0.588498557298388
Item078,Group G,Model C,0.56221798426027
Item079,Group H,Ours,0.80525138498403
Item079,Group H,Model A,0.635287174943635
Item079,Group H,Model B,0.573325642263236
Item079,Group H,Model C,0.486394870577713
