item,group,model,score
Item001,Group A,Ours,0.52461124182766072
Item001,Group A,Model A,0.40489217669106559
Item001,Group A,Model B,0.36692939869901137
Item001,Group A,Model C,0.38197968053168024
Item002,Group A,Ours,0.9462600812187274
Item002,Group A,Model A,0.81269629384819952
Item002,Group A,Model B,0.73169412075456441
Item002,Group A,Model C,0.62754485296194518
Item003,Group A,Ours,0.58157575798427075
Item003,Group A,Model A,0.48641091764494909
Item003,Group A,Model B,0.35577122353644852
Item003,Group A,Model C,0.33774029827572749
Item004,Group A,Ours,0.86936217309663266
Item004,Group A,Model A,0.82457224690914876
Item004,Group A,Model B,0.68941328333865404
Item004,Group A,Model C,0.57326590579014858
Item005,Group A,Ours,0.66810384869768313
Item005,Group A,Model A,0.51291704253886194
Item005,Group A,Model B,0.40313344762645503
Item005,Group A,Model C,0.44119680051402488
Item006,Group A,Ours,0.96507505499841906
Item006,Group A,Model A,0.80867976326753654
Item006,Group A,Model B,0.72680320627743189
Item006,Group A,Model C,0.58153785886953413
Item007,Group A,Ours,0.5552983171522774
Item007,Group A,Model A,0.38726442751401591
Item007,Group A,Model B,0.26927014894604695
Item007,Group A,Model C,0.3703775509403992
Item008,Group A,Ours,0.82861953460242599
Item008,Group A,Model A,0.72582043621429349
Item008,Group A,Model B,0.71052689965302673
Item008,Group A,Model C,0.57159859294101512
Item009,Group A,Ours,0.71971775115171444
Item009,Group A,Model A,0.54119140454843551
Item009,Group A,Model B,0.55707040411817066
Item009,Group A,Model C,0.39136279713452915
Item010,Group A,Ours,0.66474629441888922
Item010,Group A,Model A,0.50621751929183967
Item010,Group A,Model B,0.37245228184026014
Item010,Group A,Model C,0.34381057685325556
Item011,Group A,Ours,0.57562520043448895
Item011,Group A,Model A,0.4666312171890048
Item011,Group A,Model B,0.26935386596688404
Item011,Group A,Model C,0.37874229613761023
Item012,Group A,Ours,0.70960383735761312
Item012,Group A,Model A,0.59234941899575666
Item012,Group A,Model B,0.34404925138939002
Item012,Group A,Model C,0.47096266482153804
Item013,Group A,Ours,0.77262270314786075
Item013,Group A,Model A,0.6560241940099214
Item013,Group A,Model B,0.6293992267222317
Item013,Group A,Model C,0.55891617336375221
Item014,Group A,Ours,0.82415059077168229
Item014,Group A,Model A,0.85990253573891784
Item014,Group A,Model B,0.73268516143574458
Item014,Group A,Model C,0.66641268019271194
Item015,Group A,Ours,0.71425402349709277
Item015,Group A,Model A,0.60258215625648881
Item015,Group A,Model B,0.55539445087546768
Item015,Group A,Model C,0.47974578577349331
Item016,Group A,Ours,0.86924631028967603
Item016,Group A,Model A,0.74912068850045377
Item016,Group A,Model B,0.7152932158472366
Item016,Group A,Model C,0.70993178934970769
Item017,Group A,Ours,0.66403842625528098
Item017,Group A,Model A,0.62425966717853631
Item017,Group A,Model B,0.51969329662592478
Item017,Group A,Model C,0.49623765398740483
Item018,Group A,Ours,0.67575498765531394
Item018,Group A,Model A,0.58250368650635809
Item018,Group A,Model B,0.62087431146237093
Item018,Group A,Model C,0.37947771830604671
Item019,Group A,Ours,0.81323840963039817
Item019,Group A,Model A,0.6606280442185829
Item019,Group A,Model B,0.61007107715587339
Item019,Group A,Model C,0.61474307837460507
Item020,Group A,Ours,0.92499958791886583
Item020,Group A,Model A,0.70355030650694039
Item020,Group A,Model B,0.78200959628864042
Item020,Group A,Model C,0.65277584167010339
Item021,Group A,Ours,0.76305865098473757
Item021,Group A,Model A,0.58867059237831831
Item021,Group A,Model B,0.60905317687705984
Item021,Group A,Model C,0.52685898999322567
Item022,Group A,Ours,0.71507031096613338
Item022,Group A,Model A,0.60743479531547417
Item022,Group A,Model B,0.49993561105594891
Item022,Group A,Model C,0.38910865918210691
Item023,Group A,Ours,0.69804931973552042
Item023,Group A,Model A,0.66270789034517041
Item023,Group A,Model B,0.61598593137395985
Item023,Group A,Model C,0.31959494587278336
Item024,Group A,Ours,0.81383549210663486
Item024,Group A,Model A,0.72173461811994943
Item024,Group A,Model B,0.6067954224470421
Item024,Group A,Model C,0.47813055760561229
Item025,Group A,Ours,0.87572150117616254
Item025,Group A,Model A,0.71969473993310518
Item025,Group A,Model B,0.57454449182407608
Item025,Group A,Model C,0.52235555267466383
Item026,Group A,Ours,0.77553940752011485
Item026,Group A,Model A,0.6520271509592398
Item026,Group A,Model B,0.58623887809260955
Item026,Group A,Model C,0.61552128796323902
Item027,Group A,Ours,0.55664509616886459
Item027,Group A,Model A,0.50646585639552111
Item027,Group A,Model B,0.51254547623452085
Item027,Group A,Model C,0.35576143184999326
Item028,Group A,Ours,0.60358407749442089
Item028,Group A,Model A,0.66649293546617439
Item028,Group A,Model B,0.47967653833270352
Item028,Group A,Model C,0.36777386467900619
Item029,Group A,Ours,0.63974420836459744
Item029,Group A,Model A,0.40873344972606018
Item029,Group A,Model B,0.43406981172199249
Item029,Group A,Model C,0.34119721959475924
Item030,Group A,Ours,0.87338263000897254
Item030,Group A,Model A,0.77725170444251823
Item030,Group A,Model B,0.81631428133974271
Item030,Group A,Model C,0.59219234874779048
Item031,Group A,Ours,0.62413080106152308
Item031,Group A,Model A,0.54603380632977727
Item031,Group A,Model B,0.32884982920953743
Item031,Group A,Model C,0.35980183009232175
Item032,Group A,Ours,0.85774200703136916
Item032,Group A,Model A,0.83255623371561693
Item032,Group A,Model B,0.74812021766018555
Item032,Group A,Model C,0.71606258890016539
Item033,Group A,Ours,0.77726215035838542
Item033,Group A,Model A,0.73007844681509015
Item033,Group A,Model B,0.67396862555468739
Item033,Group A,Model C,0.69650226748544541
Item034,Group A,Ours,0.53280579905869163
Item034,Group A,Model A,0.48170632806897373
Item034,Group A,Model B,0.29108894659751317
Item034,Group A,Model C,0.32765661904530963
Item035,Group A,Ours,0.62990025411392403
Item035,Group A,Model A,0.53284425430700155
Item035,Group A,Model B,0.41180869142598125
Item035,Group A,Model C,0.37435530869308953
Item036,Group A,Ours,0.67941168224358695
Item036,Group A,Model A,0.52167677497575082
Item036,Group A,Model B,0.58968911846944694
Item036,Group A,Model C,0.4742003483137876
Item037,Group A,Ours,0.78204589700040616
Item037,Group A,Model A,0.73400778786989174
Item037,Group A,Model B,0.55188801320404401
Item037,Group A,Model C,0.39484168428178129
Item038,Group A,Ours,0.69023143733659664
Item038,Group A,Model A,0.55760044851451818
Item038,Group A,Model B,0.53864731212041994
Item038,Group A,Model C,0.38642820665991034
Item039,Group A,Ours,0.51541580174737134
Item039,Group A,Model A,0.35753514727726343
Item039,Group A,Model B,0.47317387974360953
Item039,Group A,Model C,0.27990154035273046
Item040,Group A,Ours,0.66289273617685585
Item040,Group A,Model A,0.51543859871920383
Item040,Group A,Model B,0.38638831883449204
Item040,Group A,Model C,0.43012821267021184
Item041,Group A,Ours,0.95354385724653024
Item041,Group A,Model A,0.76982324911008226
Item041,Group A,Model B,0.64502722397782974
Item041,Group A,Model C,0.64648439511489486
Item042,Group A,Ours,0.52109558566279657
Item042,Group A,Model A,0.44613349246896983
Item042,Group A,Model B,0.51288021600515676
Item042,Group A,Model C,0.43393106614577603
Item043,Group A,Ours,0.69055070511846184
Item043,Group A,Model A,0.48587080297181395
Item043,Group A,Model B,0.37866932538803133
Item043,Group A,Model C,0.37968249580131697
Item044,Group A,Ours,0.79991187651432971
Item044,Group A,Model A,0.71955439743418492
Item044,Group A,Model B,0.6371290461089415
Item044,Group A,Model C,0.55443199373642993
Item045,Group A,Ours,0.71362103263920917
Item045,Group A,Model A,0.70781717600979699
Item045,Group A,Model B,0.44921977326498164
Item045,Group A,Model C,0.38496923648477954
Item046,Group A,Ours,0.90388976369489704
Item046,Group A,Model A,0.64375880482017012
Item046,Group A,Model B,0.66624324905864307
Item046,Group A,Model C,0.4486205919252258
Item047,Group A,Ours,0.89585996447759286
Item047,Group A,Model A,0.82922864697697185
Item047,Group A,Model B,0.65531588922414896
Item047,Group A,Model C,0.66084497929550789
Item048,Group A,Ours,0.73541445912228987
Item048,Group A,Model A,0.54740647499744066
Item048,Group A,Model B,0.41444685403367271
Item048,Group A,Model C,0.40888691688705869
Item049,Group A,Ours,0.61313422752412916
Item049,Group A,Model A,0.47769888647153619
Item049,Group A,Model B,0.34589461008317207
Item049,Group A,Model C,0.35896226907058693
Item050,Group A,Ours,0.68815601179317798
Item050,Group A,Model A,0.58312627649082893
Item050,Group A,Model B,0.55659624264355689
Item050,Group A,Model C,0.50436013614015185
Item051,Group A,Ours,0.70084027364038171
Item051,Group A,Model A,0.54619489574615232
Item051,Group A,Model B,0.46478914162402163
Item051,Group A,Model C,0.42863026026980483
Item052,Group A,Ours,0.71026297547898876
Item052,Group A,Model A,0.65402181956690952
Item052,Group A,Model B,0.5085028590596864
Item052,Group A,Model C,0.45816831030893723
Item053,Group A,Ours,0.68263112096348244
Item053,Group A,Model A,0.75963048593496807
Item053,Group A,Model B,0.68217097234758839
Item053,Group A,Model C,0.557105208720589
Item054,Group A,Ours,0.92945358209918172
Item054,Group A,Model A,0.81705417921101164
Item054,Group A,Model B,0.75045188544169039
Item054,Group A,Model C,0.67895588174582244
Item055,Group A,Ours,0.50399632924421289
Item055,Group A,Model A,0.61054357211351118
Item055,Group A,Model B,0.43549952577356266
Item055,Group A,Model C,0.30519625193812655
Item056,Group A,Ours,0.70885977006376422
Item056,Group A,Model A,0.68653518556403859
Item056,Group A,Model B,0.52766332214427847
Item056,Group A,Model C,0.49461299074556825
Item057,Group B,Ours,0.77886674237175124
Item057,Group B,Model A,0.5373086907022675
Item057,Group B,Model B,0.67619264165392756
Item057,Group B,Model C,0.60755211696491396
Item058,Group B,Ours,0.59640404541521497
Item058,Group B,Model A,0.65288431988877726
Item058,Group B,Model B,0.45876131457577024
Item058,Group B,Model C,0.35561839869849615
Item059,Group B,Ours,0.66223225910475259
Item059,Group B,Model A,0.55698131262647321
Item059,Group B,Model B,0.47091872092711895
Item059,Group B,Model C,0.42971811080907774
Item060,Group B,Ours,0.6654571078706456
Item060,Group B,Model A,0.55388807150731445
Item060,Group B,Model B,0.54746062379440064
Item060,Group B,Model C,0.42815954466512801
Item061,Group B,Ours,0.6221160404595022
Item061,Group B,Model A,0.55553192411364849
Item061,Group B,Model B,0.60637402385480388
Item061,Group B,Model C,0.41545603196505521
Item062,Group B,Ours,0.83990016402896339
Item062,Group B,Model A,0.78140544863349326
Item062,Group B,Model B,0.67959942126694517
Item062,Group B,Model C,0.61120883292799522
Item063,Group B,Ours,0.55346227845233575
Item063,Group B,Model A,0.45573707789597523
Item063,Group B,Model B,0.33824342574816307
Item063,Group B,Model C,0.22115858021886567
Item064,Group B,Ours,0.69388483389092093
Item064,Group B,Model A,0.59021910710409675
Item064,Group B,Model B,0.50973831681745774
Item064,Group B,Model C,0.40118460119448612
Item065,Group B,Ours,0.77070755880083675
Item065,Group B,Model A,0.73561258177933087
Item065,Group B,Model B,0.62152470333767251
Item065,Group B,Model C,0.58575026685068776
Item066,Group B,Ours,0.69729466448020971
Item066,Group B,Model A,0.60330989045528816
Item066,Group B,Model B,0.57781253333726956
Item066,Group B,Model C,0.48595045900120254
Item067,Group B,Ours,0.72780208048565287
Item067,Group B,Model A,0.60066924631024654
Item067,Group B,Model B,0.42831636089131619
Item067,Group B,Model C,0.36667887177751957
Item068,Group B,Ours,0.64560452835276727
Item068,Group B,Model A,0.57970682187602707
Item068,Group B,Model B,0.48583166667307714
Item068,Group B,Model C,0.41563851818303371
Item069,Group B,Ours,0.77580202597125336
Item069,Group B,Model A,0.70848082183656103
Item069,Group B,Model B,0.47976070227929873
Item069,Group B,Model C,0.48916554753131486
Item070,Group B,Ours,0.96943815346337125
Item070,Group B,Model A,0.8573378679969077
Item070,Group B,Model B,0.70667413620887076
Item070,Group B,Model C,0.63393400758799245
Item071,Group B,Ours,0.75885762246324062
Item071,Group B,Model A,0.67891290829974482
Item071,Group B,Model B,0.61092868727585725
Item071,Group B,Model C,0.4027351603372229
Item072,Group B,Ours,0.61722042655764797
Item072,Group B,Model A,0.45289073722373324
Item072,Group B,Model B,0.30730003736380146
Item072,Group B,Model C,0.30060113123044357
Item073,Group B,Ours,0.70387105006644612
Item073,Group B,Model A,0.48360855417498172
Item073,Group B,Model B,0.48906088534450021
Item073,Group B,Model C,0.33894764282964901
Item074,Group B,Ours,0.93794485274645223
Item074,Group B,Model A,0.80273867422047851
Item074,Group B,Model B,0.72423336193516763
Item074,Group B,Model C,0.75317350409656958
Item075,Group B,Ours,0.79802298358056367
Item075,Group B,Model A,0.64528992485775705
Item075,Group B,Model B,0.65062360917691575
Item075,Group B,Model C,0.53514395254683833
Item076,Group B,Ours,0.55182117695384025
Item076,Group B,Model A,0.57567796543956973
Item076,Group B,Model B,0.3864749493644869
Item076,Group B,Model C,0.29056213366899919
Item077,Group B,Ours,0.82927688761437568
Item077,Group B,Model A,0.74697479156808411
Item077,Group B,Model B,0.58899784267435762
Item077,Group B,Model C,0.43922779095950987
Item078,Group B,Ours,0.65833269478088174
Item078,Group B,Model A,0.50077025021162092
Item078,Group B,Model B,0.46666303554208333
Item078,Group B,Model C,0.33408317893075412
Item079,Group B,Ours,0.67363202482150497
Item079,Group B,Model A,0.51761797538938947
Item079,Group B,Model B,0.49085058107949364
Item079,Group B,Model C,0.48899342793846701
Item080,Group B,Ours,0.95532148464538724
Item080,Group B,Model A,0.78189955730066207
Item080,Group B,Model B,0.67845429665334178
Item080,Group B,Model C,0.52739188827190164
Item081,Group B,Ours,0.93788523625049469
Item081,Group B,Model A,0.91188409232700818
Item081,Group B,Model B,0.69248599395342292
Item081,Group B,Model C,0.64271275308042219
Item082,Group B,Ours,0.73737409138666532
Item082,Group B,Model A,0.50946156942316223
Item082,Group B,Model B,0.59660722427176072
Item082,Group B,Model C,0.46738058942555533
Item083,Group B,Ours,0.82240368397059505
Item083,Group B,Model A,0.76555836875686478
Item083,Group B,Model B,0.6351430910366076
Item083,Group B,Model C,0.50579803858335615
Item084,Group B,Ours,0.64814176615698227
Item084,Group B,Model A,0.4940888252346079
Item084,Group B,Model B,0.36169349816785373
Item084,Group B,Model C,0.26437187792050693
Item085,Group C,Ours,0.78502050393835909
Item085,Group C,Model A,0.69372799319684397
Item085,Group C,Model B,0.64981274135499922
Item085,Group C,Model C,0.53549519152851199
Item086,Group C,Ours,0.79435291240484995
Item086,Group C,Model A,0.69975560857543817
Item086,Group C,Model B,0.65126641662974494
Item086,Group C,Model C,0.63590096190216561
Item087,Group C,Ours,0.86256181168519597
Item087,Group C,Model A,0.73252291074360998
Item087,Group C,Model B,0.64421597162832878
Item087,Group C,Model C,0.6099091503128895
Item088,Group C,Ours,0.78183832550972443
Item088,Group C,Model A,0.62200382016201172
Item088,Group C,Model B,0.70564247583396311
Item088,Group C,Model C,0.4184952564664135
Item089,Group C,Ours,0.67267425671350889
Item089,Group C,Model A,0.4549722620403327
Item089,Group C,Model B,0.49278194167098427
Item089,Group C,Model C,0.32016643539720158
Item090,Group C,Ours,0.87125581839210708
Item090,Group C,Model A,0.73948993746758951
Item090,Group C,Model B,0.74695303473363328
Item090,Group C,Model C,0.6999112916005894
Item091,Group C,Ours,0.80245652960217106
Item091,Group C,Model A,0.76835074042127638
Item091,Group C,Model B,0.57919575129073331
Item091,Group C,Model C,0.52869262747093981
Item092,Group C,Ours,0.91783326178606184
Item092,Group C,Model A,0.90784604891578036
Item092,Group C,Model B,0.78043668961116819
Item092,Group C,Model C,0.52960642918463341
Item093,Group C,Ours,0.61177340576130612
Item093,Group C,Model A,0.50107181689803593
Item093,Group C,Model B,0.42973865820214407
Item093,Group C,Model C,0.364985916971303
Item094,Group C,Ours,0.74530300076779654
Item094,Group C,Model A,0.61009313006486532
Item094,Group C,Model B,0.50954484639821618
Item094,Group C,Model C,0.50180941171194282
Item095,Group C,Ours,0.82001828871413385
Item095,Group C,Model A,0.73525298822311369
Item095,Group C,Model B,0.63620402116108521
Item095,Group C,Model C,0.52798029271212499
Item096,Group C,Ours,0.49756525876550656
Item096,Group C,Model A,0.5256423928986701
Item096,Group C,Model B,0.44337321106337096
Item096,Group C,Model C,0.41743903826558532
Item097,Group C,Ours,0.94492205164163068
Item097,Group C,Model A,0.74539840393484857
Item097,Group C,Model B,0.62812428742316262
Item097,Group C,Model C,0.59052250285083607
Item098,Group C,Ours,0.85716810550770794
Item098,Group C,Model A,0.8407753560040071
Item098,Group C,Model B,0.72116241299195638
Item098,Group C,Model C,0.65779936064452926
Item099,Group C,Ours,0.8180168051003166
Item099,Group C,Model A,0.6830957980506539
Item099,Group C,Model B,0.72859233189136718
Item099,Group C,Model C,0.54395827077939596
Item100,Group C,Ours,0.85390387285429403
Item100,Group C,Model A,0.6300853233492415
Item100,Group C,Model B,0.64695233350254699
Item100,Group C,Model C,0.64062116275916203
Item101,Group C,Ours,0.81755828214084603
Item101,Group C,Model A,0.7568751480540874
Item101,Group C,Model B,0.64557205519166427
Item101,Group C,Model C,0.52442619715114436
Item102,Group C,Ours,0.80097790267585833
Item102,Group C,Model A,0.58218545296146196
Item102,Group C,Model B,0.59561454586221185
Item102,Group C,Model C,0.56847164682966222
Item103,Group C,Ours,0.75588396394348967
Item103,Group C,Model A,0.67995577435077559
Item103,Group C,Model B,0.52138345134071606
Item103,Group C,Model C,0.52854293357587623
Item104,Group C,Ours,0.83456969530295277
Item104,Group C,Model A,0.74705130283864385
Item104,Group C,Model B,0.6866546885267405
Item104,Group C,Model C,0.62135446092851254
Item105,Group D,Ours,0.95881341890983496
Item105,Group D,Model A,0.79066917797922331
Item105,Group D,Model B,0.82890937169832002
Item105,Group D,Model C,0.65275575452282952
Item106,Group D,Ours,0.92617730151818412
Item106,Group D,Model A,0.79651517219913892
Item106,Group D,Model B,0.83104604436704943
Item106,Group D,Model C,0.6847347862882931
Item107,Group D,Ours,0.8959457922835018
Item107,Group D,Model A,0.6542177885857664
Item107,Group D,Model B,0.67188554909690645
Item107,Group D,Model C,0.56480207954288553
Item108,Group D,Ours,0.72882946971697626
Item108,Group D,Model A,0.64200416662891691
Item108,Group D,Model B,0.59053892277969533
Item108,Group D,Model C,0.42200951195963565
Item109,Group D,Ours,0.78763102205651436
Item109,Group D,Model A,0.65610790500942617
Item109,Group D,Model B,0.53825697412798001
Item109,Group D,Model C,0.41851665357080442
Item110,Group D,Ours,0.73002993762711677
Item110,Group D,Model A,0.51030895732486947
Item110,Group D,Model B,0.43586865318590556
Item110,Group D,Model C,0.48419918211134438
Item111,Group D,Ours,0.82718226293348851
Item111,Group D,Model A,0.84627754753191375
Item111,Group D,Model B,0.69978834271434864
Item111,Group D,Model C,0.67043041528685532
Item112,Group D,Ours,0.8600395733445777
Item112,Group D,Model A,0.68976114729677429
Item112,Group D,Model B,0.6927763489090154
Item112,Group D,Model C,0.61911583743508836
Item113,Group D,Ours,0.63316234555921869
Item113,Group D,Model A,0.49156336387479316
Item113,Group D,Model B,0.3764479996882093
Item113,Group D,Model C,0.32993831868262874
Item114,Group D,Ours,0.65465333260061209
Item114,Group D,Model A,0.5797661209510826
Item114,Group D,Model B,0.50759994840985834
Item114,Group D,Model C,0.50319495796236779
Item115,Group D,Ours,0.64229455902570143
Item115,Group D,Model A,0.47809847918365284
Item115,Group D,Model B,0.47902959130112921
Item115,Group D,Model C,0.35091098616141503
Item116,Group D,Ours,0.91878157865244536
Item116,Group D,Model A,0.82357307887956477
Item116,Group D,Model B,0.71893690714924718
Item116,Group D,Model C,0.6266579367743621
Item117,Group E,Ours,0.86346946378122003
Item117,Group E,Model A,0.74891364684142792
Item117,Group E,Model B,0.63822034296743313
Item117,Group E,Model C,0.68783815425297623
Item118,Group E,Ours,0.68486354716034803
Item118,Group E,Model A,0.59760970772190791
Item118,Group E,Model B,0.43363488439841552
Item118,Group E,Model C,0.35068028395084894
Item119,Group E,Ours,0.81883819890833232
Item119,Group E,Model A,0.67272245516048945
Item119,Group E,Model B,0.73337747568308809
Item119,Group E,Model C,0.59010932250197201
Item120,Group F,Ours,0.82526381430379325
Item120,Group F,Model A,0.70899395446705515
Item120,Group F,Model B,0.63937036571626582
Item120,Group F,Model C,0.48699211626419592
