observation_id,model,score
U01,Ours,0.9352158113047971
U02,Ours,0.9437427668331415
U03,Ours,0.926701133998587
U04,Ours,0.9681926220712531
U05,Ours,0.8814133763556364
U06,Ours,0.995
U07,Ours,0.9035261829707866
U08,Ours,0.9022649600527789
U09,Ours,0.8928783704388551
U10,Ours,0.9105053723148129
U11,Ours,0.8956901803286732
U12,Ours,0.8433516321353112
U13,Ours,0.8166288791598263
U14,Ours,0.876819102887109
U15,Ours,0.9133876917057064
U16,Ours,0.916163871255761
U17,Ours,0.8728483559176545
U18,Ours,0.8319423937922704
U19,Ours,0.8969830466653522
U20,Ours,0.925733021623089
U21,Ours,0.7873494940982304
U22,Ours,0.9458855574116452
U23,Ours,0.8563000661914151
U24,Ours,0.9150427516004234
U25,Ours,0.8784756210630174
U26,Ours,0.7939293036960755
U27,Ours,0.8780689807286028
U28,Ours,0.9933013089902983
U29,Ours,0.9939206913580945
U30,Ours,0.9158755730363883
U31,Ours,0.9464325118526047
U32,Ours,0.855003737452929
U33,Ours,0.9302155521237772
U34,Ours,0.9360909431707495
U35,Ours,0.8521722130293256
U36,Ours,0.9201635527900145
U37,Ours,0.9036359853579389
U38,Ours,0.9558514927789493
U39,Ours,0.9497506299583371
U40,Ours,0.8676811532691668
U41,Ours,0.8841527206579348
U42,Ours,0.9321829627925177
U43,Ours,0.8279619385182035
U44,Ours,0.93236927669257
U45,Ours,0.8912266145640104
U46,Ours,0.9633444146255645
U47,Ours,0.8452082722733434
U48,Ours,0.8783983569170574
U49,Ours,0.8941132071306758
U50,Ours,0.8878619911057765
U01,Method A,0.8860970357396607
U02,Method A,0.7886359397553887
U03,Method A,0.9204628215932201
U04,Method A,0.7496205511673799
U05,Method A,0.8561868617950962
U06,Method A,0.782169043375784
U07,Method A,0.8442880971281339
U08,Method A,0.8077676210836752
U09,Method A,0.8413215711298242
U10,Method A,0.9259919388347908
U11,Method A,0.8121619434449153
U12,Method A,0.8363887238338091
U13,Method A,0.7879016856806129
U14,Method A,0.8359197966832996
U15,Method A,0.79180959763902
U16,Method A,0.814368400999757
U17,Method A,0.7478451546425389
U18,Method A,0.9158521385741347
U19,Method A,0.821689231388806
U20,Method A,0.8331355120953992
U21,Method A,0.892777960109031
U22,Method A,0.804642918747629
U23,Method A,0.807757037215973
U24,Method A,0.8383088395637758
U25,Method A,0.7469304256410149
U26,Method A,0.8431138875996051
U27,Method A,0.8254979101018034
U28,Method A,0.8079763827930855
U29,Method A,0.9140510321029893
U30,Method A,0.8174884369475185
U31,Method A,0.8668965901619128
U32,Method A,0.8995286832919853
U33,Method A,0.864610728350384
U34,Method A,0.7573148220378645
U35,Method A,0.8703032009135021
U36,Method A,0.8093915164399501
U37,Method A,0.8444763892912621
U38,Method A,0.8391155204118693
U39,Method A,0.7388231739336037
U40,Method A,0.8699592772408695
U41,Method A,0.8809888043322873
U42,Method A,0.7767798348844002
U43,Method A,0.7912873018070897
U44,Method A,0.7684237281759374
U45,Method A,0.7442682238094094
U46,Method A,0.9182181149926031
U47,Method A,0.9470550614903767
U48,Method A,0.7952470019259982
U49,Method A,0.7632384171159532
U50,Method A,0.8015524524141923
U01,Method B,0.4881226553685402
U02,Method B,0.43053365604758603
U03,Method B,0.5548520164226932
U04,Method B,0.4929574399161781
U05,Method B,0.4038121828157474
U06,Method B,0.547895184260216
U07,Method B,0.4953644791614474
U08,Method B,0.4972367388328159
U09,Method B,0.5336140735623033
U10,Method B,0.6673235122754683
U11,Method B,0.4453603464196092
U12,Method B,0.564851296026576
U13,Method B,0.5012862532454387
U14,Method B,0.472193030231628
U15,Method B,0.5919916151243872
U16,Method B,0.4971184961051055
U17,Method B,0.4405741757902026
U18,Method B,0.4764790594919547
U19,Method B,0.5276638634240278
U20,Method B,0.5652052191771897
U21,Method B,0.5301518726658241
U22,Method B,0.5193859530178542
U23,Method B,0.5223465790408592
U24,Method B,0.4929056661249492
U25,Method B,0.4348603951008441
U26,Method B,0.5558546466832173
U27,Method B,0.43433437005117065
U28,Method B,0.5390217752990752
U29,Method B,0.3927712443115988
U30,Method B,0.5586786553758836
U31,Method B,0.46871603924458105
U32,Method B,0.47220487034641795
U33,Method B,0.4205681179687035
U34,Method B,0.46758167407543955
U35,Method B,0.5260155904856838
U36,Method B,0.46758953660542696
U37,Method B,0.45760245904026436
U38,Method B,0.468433813690267
U39,Method B,0.47069413244450203
U40,Method B,0.4221087738346324
U41,Method B,0.604091672238793
U42,Method B,0.41284345588060667
U43,Method B,0.4272434491484909
U44,Method B,0.5230325557009765
U45,Method B,0.4501556314832637
U46,Method B,0.5570760421320169
U47,Method B,0.43730515502503614
U48,Method B,0.5210259396005195
U49,Method B,0.4180326935103798
U50,Method B,0.5144693141853369
U01,Method C,0.26110016357557664
U02,Method C,0.242358478664574
U03,Method C,0.2780760499635491
U04,Method C,0.2802277975583508
U05,Method C,0.19036054896287166
U06,Method C,0.26769673116614157
U07,Method C,0.15993061133564906
U08,Method C,0.2051301058283468
U09,Method C,0.3007791452240402
U10,Method C,0.2712635589007957
U11,Method C,0.23136948706448243
U12,Method C,0.25474484772577943
U13,Method C,0.16362548683145958
U14,Method C,0.2291849709461467
U15,Method C,0.20839714096748313
U16,Method C,0.30924648025661955
U17,Method C,0.20777067619409034
U18,Method C,0.18046495216031755
U19,Method C,0.15263599979818512
U20,Method C,0.1910132843262449
U21,Method C,0.23475775816178562
U22,Method C,0.21160641717579326
U23,Method C,0.231604926211892
U24,Method C,0.22012147311446273
U25,Method C,0.1959591132899668
U26,Method C,0.21774376787077857
U27,Method C,0.18304449634038608
U28,Method C,0.25139658476869176
U29,Method C,0.2567216751287607
U30,Method C,0.36089686382006764
U31,Method C,0.19514251114582504
U32,Method C,0.2180836975025558
U33,Method C,0.22594420549346886
U34,Method C,0.17269904153540977
U35,Method C,0.29568639829294
U36,Method C,0.1651418015701664
U37,Method C,0.35197573273750543
U38,Method C,0.31343698426682887
U39,Method C,0.13601425214438312
U40,Method C,0.2725890767641164
U41,Method C,0.1874665835484918
U42,Method C,0.2426964317023718
U43,Method C,0.2094097053419673
U44,Method C,0.1496612940074582
U45,Method C,0.23266059519987994
U46,Method C,0.3029911734059094
U47,Method C,0.27473502669225874
U48,Method C,0.25318599853149104
U49,Method C,0.28950262370808794
U50,Method C,0.263679670215211
