pair_id,reference_score,focal_score,group,covariate
U01,0.5297462915975998,0.595210809035475,Group A,0.0
U02,0.7302673811126563,0.8389246092516885,Group B,0.020408
U03,0.5946080363848554,0.6833362684206848,Group C,0.040816
U04,0.49297094806322067,0.5656533385769353,Group A,0.061224
U05,0.7491448735291524,0.846087982322047,Group B,0.081633
U06,0.8047219699502925,0.8960868093890298,Group C,0.102041
U07,0.6243679104688712,0.7130377552926511,Group A,0.122449
U08,0.8013339566619504,0.9022164442124094,Group B,0.142857
U09,0.5368200458775498,0.5791538296305068,Group C,0.163265
U10,0.5153407111114919,0.6353092928744232,Group A,0.183673
U11,0.4408159086214249,0.5295745955326338,Group B,0.204082
U12,0.7443544284289643,0.8606919194206221,Group C,0.22449
U13,0.6315482423462052,0.7263754536947913,Group A,0.244898
U14,0.7221544790584293,0.8299066127514728,Group B,0.265306
U15,0.7365018500673544,0.7897042489149944,Group C,0.285714
U16,0.6348556424031238,0.7302915257049498,Group A,0.306122
U17,0.47523191130288367,0.5473117450865512,Group B,0.326531
U18,0.8496426502905216,0.9084823178715064,Group C,0.346939
U19,0.6078021107076161,0.7105601026372498,Group A,0.367347
U20,0.5496471113173872,0.6709292526103465,Group B,0.387755
U21,0.6338589729848286,0.7717533054092106,Group C,0.408163
U22,0.6673268768277976,0.7577528119677869,Group A,0.428571
U23,0.6140930150126804,0.67495770558272,Group B,0.44898
U24,0.6197839523547637,0.6602659183462973,Group C,0.469388
U25,0.6290054353188506,0.7467707959429092,Group A,0.489796
U26,0.5338318504291663,0.6147468648767291,Group B,0.510204
U27,0.510393967661485,0.6036130656931452,Group C,0.530612
U28,0.7488222718749176,0.8651981098195396,Group A,0.55102
U29,0.6139928981589045,0.7153736784623217,Group B,0.571429
U30,0.752575403856895,0.8519914562458126,Group C,0.591837
U31,0.46423536138374105,0.5921686745441996,Group A,0.612245
U32,0.6259439873083876,0.692974527293987,Group B,0.632653
U33,0.6348439215035389,0.7062232684345401,Group C,0.653061
U34,0.7057184722282462,0.8048317456154689,Group A,0.673469
U35,0.49131356910220103,0.5518510453263068,Group B,0.693878
U36,0.6167586739018932,0.6555649466090806,Group C,0.714286
U37,0.45007308376173116,0.5367795881066654,Group A,0.734694
U38,0.4530912834002613,0.5202071171397346,Group B,0.755102
U39,0.7488559412435751,0.8243952409714248,Group C,0.77551
U40,0.5281545250713556,0.622508899262723,Group A,0.795918
U41,0.5070130677320559,0.6038131363609754,Group B,0.816327
U42,0.7294893311695392,0.7781244557196991,Group C,0.836735
U43,0.5220844972026377,0.614731285511446,Group A,0.857143
U44,0.8249374505711004,0.9319263060334808,Group B,0.877551
U45,0.5820371150290299,0.6361196929934376,Group C,0.897959
U46,0.5168343218154638,0.5682023213473694,Group A,0.918367
U47,0.4954234506992716,0.5784340948723973,Group B,0.938776
U48,0.6216828975028597,0.7179760634118354,Group C,0.959184
U49,0.5064483058251262,0.6064630793569121,Group A,0.979592
U50,0.7208929239666855,0.8395597724027947,Group B,1.0
