pair_id,reference_score,focal_score,covariate,sample_count
P01,0.21312499999999998,0.3341617746201974,21.236276,79
P02,0.36624999999999996,0.488982435670642,19.178412,134
P03,0.1475,0.2510280002014967,16.455066,189
P04,0.300625,0.3817049376173018,13.898192,68
P05,0.081875,0.15790189313342154,12.288888,123
P06,0.235,0.32801461254502684,12.118781,178
P07,0.388125,0.5045496649679697,13.439836,57
P08,0.169375,0.2941089561655846,15.848485,112
P09,0.32249999999999995,0.4328029621310439,18.60891,167
P10,0.10375,0.19014947222776574,20.877829,46
P11,0.25687499999999996,0.3318752448362324,21.962111,101
P12,0.41,0.4965856770499891,21.530519,156
P13,0.19124999999999998,0.30175417592066606,19.7149,35
P14,0.344375,0.4691401838923717,17.069906,90
P15,0.125625,0.2418821960039279,14.403557,145
P16,0.27875,0.3715524170833734,12.530394,24
