id,model,metric,covariate,value
Unit 01,Ours,Response,0.8373674923970933,0.8965786398261889
Unit 02,Ours,Response,0.7402501717775384,0.9377254681536158
Unit 03,Ours,Response,0.7317698421153108,0.8192361179212045
Unit 04,Ours,Response,0.11197477051897814,0.7481384995970147
Unit 05,Ours,Response,0.21281852063365927,0.7202777025095616
Unit 06,Ours,Response,0.5925289079890084,0.8945689004815169
Unit 07,Ours,Response,0.7079598791508082,0.8497321911052718
Unit 08,Ours,Response,0.7181844020811406,0.8757820177067054
Unit 09,Ours,Response,0.4611985968018166,0.8336498490330819
Unit 10,Ours,Response,0.17675625051705476,0.7259476432999206
Unit 11,Ours,Response,0.6814526538054961,0.8321887672488657
Unit 12,Ours,Response,0.7678769415299772,1.0169572229880153
Unit 13,Ours,Response,0.0805212036622228,0.8222886512166855
Unit 14,Ours,Response,0.3011974602356535,0.8163395186527246
Unit 15,Ours,Response,0.7647426628308399,0.8511881179881738
Unit 16,Ours,Response,0.593608469148623,0.8018457048654852
Unit 17,Ours,Response,0.6171519781759679,0.832332895924804
Unit 18,Ours,Response,0.19662904424927455,0.7745239965332351
Unit 19,Ours,Response,0.7504217729801723,0.8224062928316845
Unit 20,Ours,Response,0.8872858251122562,0.8817142347889934
Unit 21,Ours,Response,0.5221844270800867,0.8211539476391958
Unit 22,Ours,Response,0.4646322266236207,0.7663757476564889
Unit 23,Ours,Response,0.3084113644898469,0.8243660041914015
Unit 24,Ours,Response,0.7654480037835308,0.8579342479321261
Unit 25,Ours,Response,0.7558208592698598,0.878981792319669
Unit 26,Ours,Response,0.08575402103545961,0.749839753367273
Unit 27,Ours,Response,0.38526700857838386,0.7588761657950767
Unit 28,Ours,Response,0.3285248276760484,0.7851346895974777
Unit 29,Ours,Response,0.5195212386287331,0.8682454018215691
Unit 30,Ours,Response,0.28529691842717325,0.7640336986644364
Unit 31,Ours,Response,0.7888928569309744,0.8429072258191158
Unit 32,Ours,Response,0.7584959504025004,0.843898336894006
Unit 01,Method A,Response,0.2492727212609979,0.4247881918938603
Unit 02,Method A,Response,0.21412645341814593,0.4243026514430247
Unit 03,Method A,Response,0.7150262450756076,0.5720773079256022
Unit 04,Method A,Response,0.6396274685414544,0.6208619773988877
Unit 05,Method A,Response,0.9373497745905423,0.6180122858547008
Unit 06,Method A,Response,0.8595856290244466,0.6158957570353503
Unit 07,Method A,Response,0.9181553555523538,0.5910889844937011
Unit 08,Method A,Response,0.17789509701428396,0.468957484270823
Unit 09,Method A,Response,0.6176814784988068,0.5685242655591751
Unit 10,Method A,Response,0.09989151390057971,0.4401132495017941
Unit 11,Method A,Response,0.3845451944771758,0.5189668838446031
Unit 12,Method A,Response,0.7361713014897183,0.5472690410833354
Unit 13,Method A,Response,0.8472828919275291,0.5739841974775378
Unit 14,Method A,Response,0.5003359521496575,0.5153421857097606
Unit 15,Method A,Response,0.4889964600993693,0.5544654491318484
Unit 16,Method A,Response,0.7506210682208153,0.5297496301773988
Unit 17,Method A,Response,0.16111604737227225,0.40224131814962477
Unit 18,Method A,Response,0.7070043154667736,0.5818492052689369
Unit 19,Method A,Response,0.25054922019793485,0.4538167351056768
Unit 20,Method A,Response,0.4108498062174591,0.49471136300014795
Unit 21,Method A,Response,0.9509073605219357,0.5631613347643257
Unit 22,Method A,Response,0.19396217729932055,0.48537039588001557
Unit 23,Method A,Response,0.3521862290984405,0.5037261405825186
Unit 24,Method A,Response,0.12301725771722988,0.35646467489121
Unit 25,Method A,Response,0.7771741008980748,0.5388975860965006
Unit 26,Method A,Response,0.19966274421037755,0.4313573767686374
Unit 27,Method A,Response,0.8672289749148983,0.6329751253610605
Unit 28,Method A,Response,0.5498916736021822,0.5533390862917459
Unit 29,Method A,Response,0.5450184707152301,0.43655927646381865
Unit 30,Method A,Response,0.4551175670451318,0.47593388785574253
Unit 31,Method A,Response,0.6274813276676672,0.5286222520102611
Unit 32,Method A,Response,0.476907584493512,0.47859829585083097
